Nombre,Apellido,Email,Teléfono,FechaRegistro
Juan,Pérez,juan.perez@email.com,612345678,2023-08-15
María,Gómez,maria.gomez@email.com,613456789,2023-09-10
Carlos,López,carlos.lopez@email.com,614567890,2023-07-05
Ana,Martínez,ana.martinez@email.com,615678901,2023-06-20
Isabel,Fernández,isabel.fernandez@email.com,617890123,2023-10-01
Javier,Sánchez,javier.sanchez@email.com,618901234,2023-04-25
Laura,Pérez,laura.perez@email.com,619012345,2023-11-03
Marta,Hernández,marta.hernandez@email.com,623456789,2023-12-14
Silvia,Gómez,silvia.gomez@email.com,625678901,2023-08-05
Manuel,Díaz,manuel.diaz@email.com,626789012,2023-07-30
Raquel,López,raquel.lopez@email.com,629012345,2023-04-12
Andrés,Fernández,andres.fernandez@email.com,630123456,2023-03-08
Beatriz,Sánchez,beatriz.sanchez@email.com,631234567,2023-02-01
